{
  "model": {
    "type": "select",
    "property": "custom_model_data",
    "fallback": {
      "type": "model",
      "model": "item/apple"
    },
    "cases": [
      {
        "when": "30001",
        "model": {
          "type": "model",
          "model": "item/7up"
        }
      },
      {
        "when": "30002",
        "model": {
          "type": "model",
          "model": "item/7up_2"
        }
      },
      {
        "when": "30003",
        "model": {
          "type": "model",
          "model": "item/acorn"
        }
      },
      {
        "when": "30004",
        "model": {
          "type": "model",
          "model": "item/american_cheese_p"
        }
      },
      {
        "when": "30005",
        "model": {
          "type": "model",
          "model": "item/apple"
        }
      },
      {
        "when": "30006",
        "model": {
          "type": "model",
          "model": "item/apple2"
        }
      },
      {
        "when": "30007",
        "model": {
          "type": "model",
          "model": "item/apple_dessert"
        }
      },
      {
        "when": "30008",
        "model": {
          "type": "model",
          "model": "item/apple_ice_cream"
        }
      },
      {
        "when": "30009",
        "model": {
          "type": "model",
          "model": "item/apple_with_worms"
        }
      },
      {
        "when": "30010",
        "model": {
          "type": "model",
          "model": "item/arbejas"
        }
      },
      {
        "when": "30011",
        "model": {
          "type": "model",
          "model": "item/argentinian_empanada"
        }
      },
      {
        "when": "30012",
        "model": {
          "type": "model",
          "model": "item/avocado"
        }
      },
      {
        "when": "30013",
        "model": {
          "type": "model",
          "model": "item/avocado_dessert"
        }
      },
      {
        "when": "30014",
        "model": {
          "type": "model",
          "model": "item/bacon"
        }
      },
      {
        "when": "30015",
        "model": {
          "type": "model",
          "model": "item/baked_pizza"
        }
      },
      {
        "when": "30016",
        "model": {
          "type": "model",
          "model": "item/baked_potato"
        }
      },
      {
        "when": "30017",
        "model": {
          "type": "model",
          "model": "item/baked_potatoes"
        }
      },
      {
        "when": "30018",
        "model": {
          "type": "model",
          "model": "item/baking_powder"
        }
      },
      {
        "when": "30019",
        "model": {
          "type": "model",
          "model": "item/banana"
        }
      },
      {
        "when": "30020",
        "model": {
          "type": "model",
          "model": "item/banana2"
        }
      },
      {
        "when": "30021",
        "model": {
          "type": "model",
          "model": "item/bananas"
        }
      },
      {
        "when": "30022",
        "model": {
          "type": "model",
          "model": "item/banana_and_chocolate_dessert"
        }
      },
      {
        "when": "30023",
        "model": {
          "type": "model",
          "model": "item/banana_smoothie"
        }
      },
      {
        "when": "30024",
        "model": {
          "type": "model",
          "model": "item/barbeque_sauce"
        }
      },
      {
        "when": "30025",
        "model": {
          "type": "model",
          "model": "item/beacon"
        }
      },
      {
        "when": "30026",
        "model": {
          "type": "model",
          "model": "item/beans"
        }
      },
      {
        "when": "30027",
        "model": {
          "type": "model",
          "model": "item/beer"
        }
      },
      {
        "when": "30028",
        "model": {
          "type": "model",
          "model": "item/beetroot"
        }
      },
      {
        "when": "30029",
        "model": {
          "type": "model",
          "model": "item/bell_pepper"
        }
      },
      {
        "when": "30030",
        "model": {
          "type": "model",
          "model": "item/bell_pepper_p"
        }
      },
      {
        "when": "30031",
        "model": {
          "type": "model",
          "model": "item/berry"
        }
      },
      {
        "when": "30032",
        "model": {
          "type": "model",
          "model": "item/birthday_cake"
        }
      },
      {
        "when": "30033",
        "model": {
          "type": "model",
          "model": "item/blue_berries"
        }
      },
      {
        "when": "30034",
        "model": {
          "type": "model",
          "model": "item/bread"
        }
      },
      {
        "when": "30035",
        "model": {
          "type": "model",
          "model": "item/bread_slices"
        }
      },
      {
        "when": "30036",
        "model": {
          "type": "model",
          "model": "item/brocoli"
        }
      },
      {
        "when": "30037",
        "model": {
          "type": "model",
          "model": "item/bubble_gum"
        }
      },
      {
        "when": "30038",
        "model": {
          "type": "model",
          "model": "item/bunch_of_herbs"
        }
      },
      {
        "when": "30039",
        "model": {
          "type": "model",
          "model": "item/burger"
        }
      },
      {
        "when": "30040",
        "model": {
          "type": "model",
          "model": "item/burrito"
        }
      },
      {
        "when": "30041",
        "model": {
          "type": "model",
          "model": "item/burritos"
        }
      },
      {
        "when": "30042",
        "model": {
          "type": "model",
          "model": "item/butter"
        }
      },
      {
        "when": "30043",
        "model": {
          "type": "model",
          "model": "item/butter2"
        }
      },
      {
        "when": "30044",
        "model": {
          "type": "model",
          "model": "item/cabagge"
        }
      },
      {
        "when": "30045",
        "model": {
          "type": "model",
          "model": "item/cabbage"
        }
      },
      {
        "when": "30046",
        "model": {
          "type": "model",
          "model": "item/cabbage_p"
        }
      },
      {
        "when": "30047",
        "model": {
          "type": "model",
          "model": "item/caipirinha"
        }
      },
      {
        "when": "30048",
        "model": {
          "type": "model",
          "model": "item/cake2"
        }
      },
      {
        "when": "30049",
        "model": {
          "type": "model",
          "model": "item/cake_with_chocolate"
        }
      },
      {
        "when": "30050",
        "model": {
          "type": "model",
          "model": "item/cake_with_cream"
        }
      },
      {
        "when": "30051",
        "model": {
          "type": "model",
          "model": "item/came"
        }
      },
      {
        "when": "30052",
        "model": {
          "type": "model",
          "model": "item/candy"
        }
      },
      {
        "when": "30053",
        "model": {
          "type": "model",
          "model": "item/candy_bar"
        }
      },
      {
        "when": "30054",
        "model": {
          "type": "model",
          "model": "item/carrot"
        }
      },
      {
        "when": "30055",
        "model": {
          "type": "model",
          "model": "item/caviar"
        }
      },
      {
        "when": "30056",
        "model": {
          "type": "model",
          "model": "item/cereal1"
        }
      },
      {
        "when": "30057",
        "model": {
          "type": "model",
          "model": "item/cereal2"
        }
      },
      {
        "when": "30058",
        "model": {
          "type": "model",
          "model": "item/cereal_bar"
        }
      },
      {
        "when": "30059",
        "model": {
          "type": "model",
          "model": "item/cheese"
        }
      },
      {
        "when": "30060",
        "model": {
          "type": "model",
          "model": "item/cheesecake"
        }
      },
      {
        "when": "30061",
        "model": {
          "type": "model",
          "model": "item/cheese_pizza"
        }
      },
      {
        "when": "30062",
        "model": {
          "type": "model",
          "model": "item/cheese_salad"
        }
      },
      {
        "when": "30063",
        "model": {
          "type": "model",
          "model": "item/cheese_sandwich"
        }
      },
      {
        "when": "30064",
        "model": {
          "type": "model",
          "model": "item/cheesse"
        }
      },
      {
        "when": "30065",
        "model": {
          "type": "model",
          "model": "item/cherry"
        }
      },
      {
        "when": "30066",
        "model": {
          "type": "model",
          "model": "item/cherrys"
        }
      },
      {
        "when": "30067",
        "model": {
          "type": "model",
          "model": "item/cherry_2"
        }
      },
      {
        "when": "30068",
        "model": {
          "type": "model",
          "model": "item/cherry_cake"
        }
      },
      {
        "when": "30069",
        "model": {
          "type": "model",
          "model": "item/cherry_dessert"
        }
      },
      {
        "when": "30070",
        "model": {
          "type": "model",
          "model": "item/cherry_dessert_2"
        }
      },
      {
        "when": "30071",
        "model": {
          "type": "model",
          "model": "item/cherry_smoothie"
        }
      },
      {
        "when": "30072",
        "model": {
          "type": "model",
          "model": "item/chetos"
        }
      },
      {
        "when": "30073",
        "model": {
          "type": "model",
          "model": "item/chewing_gum"
        }
      },
      {
        "when": "30075",
        "model": {
          "type": "model",
          "model": "item/chicken"
        }
      },
      {
        "when": "30076",
        "model": {
          "type": "model",
          "model": "item/chicken3"
        }
      },
      {
        "when": "30077",
        "model": {
          "type": "model",
          "model": "item/chicken_breast"
        }
      },
      {
        "when": "30078",
        "model": {
          "type": "model",
          "model": "item/chicken_foot"
        }
      },
      {
        "when": "30079",
        "model": {
          "type": "model",
          "model": "item/chicken_sausages"
        }
      },
      {
        "when": "30080",
        "model": {
          "type": "model",
          "model": "item/chinese_pizza"
        }
      },
      {
        "when": "30081",
        "model": {
          "type": "model",
          "model": "item/chips"
        }
      },
      {
        "when": "30082",
        "model": {
          "type": "model",
          "model": "item/chives"
        }
      },
      {
        "when": "30083",
        "model": {
          "type": "model",
          "model": "item/chocolate"
        }
      },
      {
        "when": "30084",
        "model": {
          "type": "model",
          "model": "item/chocolate_bar"
        }
      },
      {
        "when": "30085",
        "model": {
          "type": "model",
          "model": "item/chocolate_cake"
        }
      },
      {
        "when": "30086",
        "model": {
          "type": "model",
          "model": "item/chocolate_cake2"
        }
      },
      {
        "when": "30087",
        "model": {
          "type": "model",
          "model": "item/chocolate_coffe"
        }
      },
      {
        "when": "30088",
        "model": {
          "type": "model",
          "model": "item/chocolate_dessert2"
        }
      },
      {
        "when": "30089",
        "model": {
          "type": "model",
          "model": "item/chocolate_dessert3"
        }
      },
      {
        "when": "30090",
        "model": {
          "type": "model",
          "model": "item/chocolate_donut"
        }
      },
      {
        "when": "30091",
        "model": {
          "type": "model",
          "model": "item/cocacola"
        }
      },
      {
        "when": "30092",
        "model": {
          "type": "model",
          "model": "item/cocacola_2"
        }
      },
      {
        "when": "30093",
        "model": {
          "type": "model",
          "model": "item/cocacola_3"
        }
      },
      {
        "when": "30094",
        "model": {
          "type": "model",
          "model": "item/coca_cola"
        }
      },
      {
        "when": "30095",
        "model": {
          "type": "model",
          "model": "item/cochlo"
        }
      },
      {
        "when": "30096",
        "model": {
          "type": "model",
          "model": "item/coconut"
        }
      },
      {
        "when": "30097",
        "model": {
          "type": "model",
          "model": "item/coffee_bag"
        }
      },
      {
        "when": "30098",
        "model": {
          "type": "model",
          "model": "item/cold_coffe"
        }
      },
      {
        "when": "30099",
        "model": {
          "type": "model",
          "model": "item/cookie"
        }
      },
      {
        "when": "30101",
        "model": {
          "type": "model",
          "model": "item/cookies"
        }
      },
      {
        "when": "30102",
        "model": {
          "type": "model",
          "model": "item/cookies_2"
        }
      },
      {
        "when": "30100",
        "model": {
          "type": "model",
          "model": "item/cookies_3"
        }
      },
      {
        "when": "30103",
        "model": {
          "type": "model",
          "model": "item/cooking_oil"
        }
      },
      {
        "when": "30104",
        "model": {
          "type": "model",
          "model": "item/cow_foot"
        }
      },
      {
        "when": "30105",
        "model": {
          "type": "model",
          "model": "item/cow_meat"
        }
      },
      {
        "when": "30106",
        "model": {
          "type": "model",
          "model": "item/crab"
        }
      },
      {
        "when": "30107",
        "model": {
          "type": "model",
          "model": "item/crab_legs"
        }
      },
      {
        "when": "30108",
        "model": {
          "type": "model",
          "model": "item/cucumber"
        }
      },
      {
        "when": "30109",
        "model": {
          "type": "model",
          "model": "item/cucumber_smoothie"
        }
      },
      {
        "when": "30110",
        "model": {
          "type": "model",
          "model": "item/daikiri"
        }
      },
      {
        "when": "30111",
        "model": {
          "type": "model",
          "model": "item/daikiri2"
        }
      },
      {
        "when": "30112",
        "model": {
          "type": "model",
          "model": "item/default_burger"
        }
      },
      {
        "when": "30113",
        "model": {
          "type": "model",
          "model": "item/default_burrito"
        }
      },
      {
        "when": "30114",
        "model": {
          "type": "model",
          "model": "item/default_cake"
        }
      },
      {
        "when": "30115",
        "model": {
          "type": "model",
          "model": "item/default_dessert"
        }
      },
      {
        "when": "30116",
        "model": {
          "type": "model",
          "model": "item/default_hotdog"
        }
      },
      {
        "when": "30117",
        "model": {
          "type": "model",
          "model": "item/default_icecream"
        }
      },
      {
        "when": "30118",
        "model": {
          "type": "model",
          "model": "item/default_sandwich"
        }
      },
      {
        "when": "30119",
        "model": {
          "type": "model",
          "model": "item/default_sausage"
        }
      },
      {
        "when": "30120",
        "model": {
          "type": "model",
          "model": "item/default_tomato"
        }
      },
      {
        "when": "30121",
        "model": {
          "type": "model",
          "model": "item/default_watermelon"
        }
      },
      {
        "when": "30122",
        "model": {
          "type": "model",
          "model": "item/donut"
        }
      },
      {
        "when": "30123",
        "model": {
          "type": "model",
          "model": "item/donuts"
        }
      },
      {
        "when": "30124",
        "model": {
          "type": "model",
          "model": "item/edible_flower"
        }
      },
      {
        "when": "30125",
        "model": {
          "type": "model",
          "model": "item/egg"
        }
      },
      {
        "when": "30126",
        "model": {
          "type": "model",
          "model": "item/eggplant"
        }
      },
      {
        "when": "30127",
        "model": {
          "type": "model",
          "model": "item/egg_box"
        }
      },
      {
        "when": "30128",
        "model": {
          "type": "model",
          "model": "item/egg_brown"
        }
      },
      {
        "when": "30129",
        "model": {
          "type": "model",
          "model": "item/egg_white"
        }
      },
      {
        "when": "30130",
        "model": {
          "type": "model",
          "model": "item/empanada"
        }
      },
      {
        "when": "30131",
        "model": {
          "type": "model",
          "model": "item/empanadas"
        }
      },
      {
        "when": "30132",
        "model": {
          "type": "model",
          "model": "item/energy_bar"
        }
      },
      {
        "when": "30133",
        "model": {
          "type": "model",
          "model": "item/english_beer"
        }
      },
      {
        "when": "30134",
        "model": {
          "type": "model",
          "model": "item/especial_pizza"
        }
      },
      {
        "when": "30135",
        "model": {
          "type": "model",
          "model": "item/fish"
        }
      },
      {
        "when": "30136",
        "model": {
          "type": "model",
          "model": "item/fish_p"
        }
      },
      {
        "when": "30137",
        "model": {
          "type": "model",
          "model": "item/fish_tail"
        }
      },
      {
        "when": "30138",
        "model": {
          "type": "model",
          "model": "item/flan"
        }
      },
      {
        "when": "30139",
        "model": {
          "type": "model",
          "model": "item/flour"
        }
      },
      {
        "when": "30140",
        "model": {
          "type": "model",
          "model": "item/frappe"
        }
      },
      {
        "when": "30142",
        "model": {
          "type": "model",
          "model": "item/fried_burger"
        }
      },
      {
        "when": "30141",
        "model": {
          "type": "model",
          "model": "item/fried_egg"
        }
      },
      {
        "when": "30143",
        "model": {
          "type": "model",
          "model": "item/fried_rice"
        }
      },
      {
        "when": "30144",
        "model": {
          "type": "model",
          "model": "item/frie_eggs"
        }
      },
      {
        "when": "30145",
        "model": {
          "type": "model",
          "model": "item/fruit_cocktail_can"
        }
      },
      {
        "when": "30146",
        "model": {
          "type": "model",
          "model": "item/fungus"
        }
      },
      {
        "when": "30147",
        "model": {
          "type": "model",
          "model": "item/galletitas"
        }
      },
      {
        "when": "30148",
        "model": {
          "type": "model",
          "model": "item/garlic"
        }
      },
      {
        "when": "30149",
        "model": {
          "type": "model",
          "model": "item/glass_of_milk"
        }
      },
      {
        "when": "30150",
        "model": {
          "type": "model",
          "model": "item/grape"
        }
      },
      {
        "when": "30151",
        "model": {
          "type": "model",
          "model": "item/grape_juice"
        }
      },
      {
        "when": "30152",
        "model": {
          "type": "model",
          "model": "item/grape_soda"
        }
      },
      {
        "when": "30153",
        "model": {
          "type": "model",
          "model": "item/green_apple"
        }
      },
      {
        "when": "30154",
        "model": {
          "type": "model",
          "model": "item/green_apple_p"
        }
      },
      {
        "when": "30155",
        "model": {
          "type": "model",
          "model": "item/green_cherry"
        }
      },
      {
        "when": "30156",
        "model": {
          "type": "model",
          "model": "item/green_fruits"
        }
      },
      {
        "when": "30157",
        "model": {
          "type": "model",
          "model": "item/green_grape"
        }
      },
      {
        "when": "30158",
        "model": {
          "type": "model",
          "model": "item/green_grape_p"
        }
      },
      {
        "when": "30159",
        "model": {
          "type": "model",
          "model": "item/green_pepper"
        }
      },
      {
        "when": "30160",
        "model": {
          "type": "model",
          "model": "item/green_smoothie"
        }
      },
      {
        "when": "30161",
        "model": {
          "type": "model",
          "model": "item/gum"
        }
      },
      {
        "when": "30162",
        "model": {
          "type": "model",
          "model": "item/half_apple"
        }
      },
      {
        "when": "30163",
        "model": {
          "type": "model",
          "model": "item/ham"
        }
      },
      {
        "when": "30164",
        "model": {
          "type": "model",
          "model": "item/hamburger"
        }
      },
      {
        "when": "30165",
        "model": {
          "type": "model",
          "model": "item/homemade_bread"
        }
      },
      {
        "when": "30166",
        "model": {
          "type": "model",
          "model": "item/homer_donut"
        }
      },
      {
        "when": "30167",
        "model": {
          "type": "model",
          "model": "item/honey"
        }
      },
      {
        "when": "30168",
        "model": {
          "type": "model",
          "model": "item/hotdog"
        }
      },
      {
        "when": "30169",
        "model": {
          "type": "model",
          "model": "item/hotdog2"
        }
      },
      {
        "when": "30170",
        "model": {
          "type": "model",
          "model": "item/hot_cocoa_mix"
        }
      },
      {
        "when": "30171",
        "model": {
          "type": "model",
          "model": "item/hot_milk"
        }
      },
      {
        "when": "30172",
        "model": {
          "type": "model",
          "model": "item/icecream"
        }
      },
      {
        "when": "30173",
        "model": {
          "type": "model",
          "model": "item/iced_tea"
        }
      },
      {
        "when": "30174",
        "model": {
          "type": "model",
          "model": "item/ice_cream_with_cream_and_stawberry"
        }
      },
      {
        "when": "30175",
        "model": {
          "type": "model",
          "model": "item/italian_beer"
        }
      },
      {
        "when": "30176",
        "model": {
          "type": "model",
          "model": "item/jam"
        }
      },
      {
        "when": "30177",
        "model": {
          "type": "model",
          "model": "item/jam_strawberry"
        }
      },
      {
        "when": "30178",
        "model": {
          "type": "model",
          "model": "item/java"
        }
      },
      {
        "when": "30179",
        "model": {
          "type": "model",
          "model": "item/jugo"
        }
      },
      {
        "when": "30180",
        "model": {
          "type": "model",
          "model": "item/juice_bottle"
        }
      },
      {
        "when": "30181",
        "model": {
          "type": "model",
          "model": "item/ketchup"
        }
      },
      {
        "when": "30182",
        "model": {
          "type": "model",
          "model": "item/kiwi"
        }
      },
      {
        "when": "30183",
        "model": {
          "type": "model",
          "model": "item/large_chicken"
        }
      },
      {
        "when": "30184",
        "model": {
          "type": "model",
          "model": "item/lata"
        }
      },
      {
        "when": "30185",
        "model": {
          "type": "model",
          "model": "item/lata_atun"
        }
      },
      {
        "when": "30186",
        "model": {
          "type": "model",
          "model": "item/latte"
        }
      },
      {
        "when": "30187",
        "model": {
          "type": "model",
          "model": "item/laurel"
        }
      },
      {
        "when": "30188",
        "model": {
          "type": "model",
          "model": "item/lavandina"
        }
      },
      {
        "when": "30189",
        "model": {
          "type": "model",
          "model": "item/leche"
        }
      },
      {
        "when": "30191",
        "model": {
          "type": "model",
          "model": "item/lemon"
        }
      },
      {
        "when": "30190",
        "model": {
          "type": "model",
          "model": "item/lemon_dessert"
        }
      },
      {
        "when": "30192",
        "model": {
          "type": "model",
          "model": "item/lemon_pie"
        }
      },
      {
        "when": "30193",
        "model": {
          "type": "model",
          "model": "item/lemon_shot"
        }
      },
      {
        "when": "30194",
        "model": {
          "type": "model",
          "model": "item/lemon_shot2"
        }
      },
      {
        "when": "30195",
        "model": {
          "type": "model",
          "model": "item/lobster"
        }
      },
      {
        "when": "30196",
        "model": {
          "type": "model",
          "model": "item/mani"
        }
      },
      {
        "when": "30197",
        "model": {
          "type": "model",
          "model": "item/marshmallows"
        }
      },
      {
        "when": "30198",
        "model": {
          "type": "model",
          "model": "item/mayonesa"
        }
      },
      {
        "when": "30199",
        "model": {
          "type": "model",
          "model": "item/meat"
        }
      },
      {
        "when": "30200",
        "model": {
          "type": "model",
          "model": "item/meat1"
        }
      },
      {
        "when": "30201",
        "model": {
          "type": "model",
          "model": "item/meat2"
        }
      },
      {
        "when": "30202",
        "model": {
          "type": "model",
          "model": "item/meatball"
        }
      },
      {
        "when": "30203",
        "model": {
          "type": "model",
          "model": "item/meatloaf"
        }
      },
      {
        "when": "30204",
        "model": {
          "type": "model",
          "model": "item/meat_appetizer"
        }
      },
      {
        "when": "30205",
        "model": {
          "type": "model",
          "model": "item/meat_omelet"
        }
      },
      {
        "when": "30206",
        "model": {
          "type": "model",
          "model": "item/meat_sandwich"
        }
      },
      {
        "when": "30207",
        "model": {
          "type": "model",
          "model": "item/medialuna"
        }
      },
      {
        "when": "30208",
        "model": {
          "type": "model",
          "model": "item/mermelada"
        }
      },
      {
        "when": "30209",
        "model": {
          "type": "model",
          "model": "item/mexican_cake"
        }
      },
      {
        "when": "30210",
        "model": {
          "type": "model",
          "model": "item/miel"
        }
      },
      {
        "when": "30211",
        "model": {
          "type": "model",
          "model": "item/milanese_sandwich"
        }
      },
      {
        "when": "30212",
        "model": {
          "type": "model",
          "model": "item/milk_bottle"
        }
      },
      {
        "when": "30213",
        "model": {
          "type": "model",
          "model": "item/milk_chocolate"
        }
      },
      {
        "when": "30214",
        "model": {
          "type": "model",
          "model": "item/milk_gallon"
        }
      },
      {
        "when": "30215",
        "model": {
          "type": "model",
          "model": "item/milk_pack"
        }
      },
      {
        "when": "30216",
        "model": {
          "type": "model",
          "model": "item/milk_plastic"
        }
      },
      {
        "when": "30217",
        "model": {
          "type": "model",
          "model": "item/mini_cake"
        }
      },
      {
        "when": "30218",
        "model": {
          "type": "model",
          "model": "item/mini_pizza"
        }
      },
      {
        "when": "30219",
        "model": {
          "type": "model",
          "model": "item/mushrooms"
        }
      },
      {
        "when": "30220",
        "model": {
          "type": "model",
          "model": "item/mushroom_white"
        }
      },
      {
        "when": "30221",
        "model": {
          "type": "model",
          "model": "item/mushroom_white_p"
        }
      },
      {
        "when": "30222",
        "model": {
          "type": "model",
          "model": "item/mustard"
        }
      },
      {
        "when": "30223",
        "model": {
          "type": "model",
          "model": "item/nut"
        }
      },
      {
        "when": "30224",
        "model": {
          "type": "model",
          "model": "item/olive_oil"
        }
      },
      {
        "when": "30225",
        "model": {
          "type": "model",
          "model": "item/olive_salad"
        }
      },
      {
        "when": "30226",
        "model": {
          "type": "model",
          "model": "item/omurise"
        }
      },
      {
        "when": "30227",
        "model": {
          "type": "model",
          "model": "item/onigiri"
        }
      },
      {
        "when": "30228",
        "model": {
          "type": "model",
          "model": "item/onion"
        }
      },
      {
        "when": "30230",
        "model": {
          "type": "model",
          "model": "item/orange"
        }
      },
      {
        "when": "30229",
        "model": {
          "type": "model",
          "model": "item/orange_dessert"
        }
      },
      {
        "when": "30231",
        "model": {
          "type": "model",
          "model": "item/orange_juice"
        }
      },
      {
        "when": "30232",
        "model": {
          "type": "model",
          "model": "item/oshizushi"
        }
      },
      {
        "when": "30233",
        "model": {
          "type": "model",
          "model": "item/pancakes"
        }
      },
      {
        "when": "30234",
        "model": {
          "type": "model",
          "model": "item/pan_dulce"
        }
      },
      {
        "when": "30235",
        "model": {
          "type": "model",
          "model": "item/pea"
        }
      },
      {
        "when": "30236",
        "model": {
          "type": "model",
          "model": "item/peach"
        }
      },
      {
        "when": "30237",
        "model": {
          "type": "model",
          "model": "item/peach_cobbler"
        }
      },
      {
        "when": "30238",
        "model": {
          "type": "model",
          "model": "item/peach_cobbler2"
        }
      },
      {
        "when": "30239",
        "model": {
          "type": "model",
          "model": "item/peach_cousin"
        }
      },
      {
        "when": "30240",
        "model": {
          "type": "model",
          "model": "item/peach_jam"
        }
      },
      {
        "when": "30241",
        "model": {
          "type": "model",
          "model": "item/peanut_butter"
        }
      },
      {
        "when": "30242",
        "model": {
          "type": "model",
          "model": "item/pear"
        }
      },
      {
        "when": "30243",
        "model": {
          "type": "model",
          "model": "item/pear_dessert"
        }
      },
      {
        "when": "30244",
        "model": {
          "type": "model",
          "model": "item/pepinos"
        }
      },
      {
        "when": "30245",
        "model": {
          "type": "model",
          "model": "item/pepper"
        }
      },
      {
        "when": "30246",
        "model": {
          "type": "model",
          "model": "item/pepperoni_pizza"
        }
      },
      {
        "when": "30247",
        "model": {
          "type": "model",
          "model": "item/peppers"
        }
      },
      {
        "when": "30248",
        "model": {
          "type": "model",
          "model": "item/pepsi"
        }
      },
      {
        "when": "30249",
        "model": {
          "type": "model",
          "model": "item/pepsi_2"
        }
      },
      {
        "when": "30250",
        "model": {
          "type": "model",
          "model": "item/pie"
        }
      },
      {
        "when": "30251",
        "model": {
          "type": "model",
          "model": "item/piece_of_pizza"
        }
      },
      {
        "when": "30252",
        "model": {
          "type": "model",
          "model": "item/pie_2"
        }
      },
      {
        "when": "30253",
        "model": {
          "type": "model",
          "model": "item/pie_3"
        }
      },
      {
        "when": "30254",
        "model": {
          "type": "model",
          "model": "item/pig_foot"
        }
      },
      {
        "when": "30255",
        "model": {
          "type": "model",
          "model": "item/pig_head"
        }
      },
      {
        "when": "30256",
        "model": {
          "type": "model",
          "model": "item/pineapple"
        }
      },
      {
        "when": "30257",
        "model": {
          "type": "model",
          "model": "item/pink_chewing_gum"
        }
      },
      {
        "when": "30258",
        "model": {
          "type": "model",
          "model": "item/pink_watermelon"
        }
      },
      {
        "when": "30259",
        "model": {
          "type": "model",
          "model": "item/pizza"
        }
      },
      {
        "when": "30260",
        "model": {
          "type": "model",
          "model": "item/pizza_with_arugula"
        }
      },
      {
        "when": "30261",
        "model": {
          "type": "model",
          "model": "item/pizza_with_cream"
        }
      },
      {
        "when": "30262",
        "model": {
          "type": "model",
          "model": "item/pizza_with_olives"
        }
      },
      {
        "when": "30263",
        "model": {
          "type": "model",
          "model": "item/plain_yogurt"
        }
      },
      {
        "when": "30264",
        "model": {
          "type": "model",
          "model": "item/pope_pumps"
        }
      },
      {
        "when": "30265",
        "model": {
          "type": "model",
          "model": "item/pork_meat"
        }
      },
      {
        "when": "30266",
        "model": {
          "type": "model",
          "model": "item/pork_rib"
        }
      },
      {
        "when": "30267",
        "model": {
          "type": "model",
          "model": "item/potato"
        }
      },
      {
        "when": "30268",
        "model": {
          "type": "model",
          "model": "item/potatochip_blue"
        }
      },
      {
        "when": "30269",
        "model": {
          "type": "model",
          "model": "item/potatochip_green"
        }
      },
      {
        "when": "30270",
        "model": {
          "type": "model",
          "model": "item/potatochip_yellow"
        }
      },
      {
        "when": "30271",
        "model": {
          "type": "model",
          "model": "item/potato_cake"
        }
      },
      {
        "when": "30272",
        "model": {
          "type": "model",
          "model": "item/potato_chips"
        }
      },
      {
        "when": "30273",
        "model": {
          "type": "model",
          "model": "item/potato_p"
        }
      },
      {
        "when": "30274",
        "model": {
          "type": "model",
          "model": "item/prawn_skewer"
        }
      },
      {
        "when": "30275",
        "model": {
          "type": "model",
          "model": "item/premium_pepper"
        }
      },
      {
        "when": "30276",
        "model": {
          "type": "model",
          "model": "item/premium_pizza"
        }
      },
      {
        "when": "30277",
        "model": {
          "type": "model",
          "model": "item/premium_shake"
        }
      },
      {
        "when": "30278",
        "model": {
          "type": "model",
          "model": "item/pretzel"
        }
      },
      {
        "when": "30279",
        "model": {
          "type": "model",
          "model": "item/pretzel2"
        }
      },
      {
        "when": "30280",
        "model": {
          "type": "model",
          "model": "item/pumpkin_cake"
        }
      },
      {
        "when": "30281",
        "model": {
          "type": "model",
          "model": "item/pure"
        }
      },
      {
        "when": "30282",
        "model": {
          "type": "model",
          "model": "item/purple_fish"
        }
      },
      {
        "when": "30283",
        "model": {
          "type": "model",
          "model": "item/radioactive_icecream"
        }
      },
      {
        "when": "30284",
        "model": {
          "type": "model",
          "model": "item/ramen"
        }
      },
      {
        "when": "30285",
        "model": {
          "type": "model",
          "model": "item/ramen2"
        }
      },
      {
        "when": "30286",
        "model": {
          "type": "model",
          "model": "item/red_apple"
        }
      },
      {
        "when": "30287",
        "model": {
          "type": "model",
          "model": "item/red_apple_p"
        }
      },
      {
        "when": "30288",
        "model": {
          "type": "model",
          "model": "item/red_cake"
        }
      },
      {
        "when": "30289",
        "model": {
          "type": "model",
          "model": "item/red_grape"
        }
      },
      {
        "when": "30290",
        "model": {
          "type": "model",
          "model": "item/red_grape_p"
        }
      },
      {
        "when": "30291",
        "model": {
          "type": "model",
          "model": "item/red_pepper"
        }
      },
      {
        "when": "30292",
        "model": {
          "type": "model",
          "model": "item/regular_bell_epper"
        }
      },
      {
        "when": "30293",
        "model": {
          "type": "model",
          "model": "item/regular_burger"
        }
      },
      {
        "when": "30294",
        "model": {
          "type": "model",
          "model": "item/regular_pizza"
        }
      },
      {
        "when": "30295",
        "model": {
          "type": "model",
          "model": "item/rice_bowl"
        }
      },
      {
        "when": "30296",
        "model": {
          "type": "model",
          "model": "item/ripe_peach"
        }
      },
      {
        "when": "30297",
        "model": {
          "type": "model",
          "model": "item/roasted_carrot"
        }
      },
      {
        "when": "30298",
        "model": {
          "type": "model",
          "model": "item/roasted_chicken"
        }
      },
      {
        "when": "30299",
        "model": {
          "type": "model",
          "model": "item/rockets_cake"
        }
      },
      {
        "when": "30300",
        "model": {
          "type": "model",
          "model": "item/salad_bowl"
        }
      },
      {
        "when": "30301",
        "model": {
          "type": "model",
          "model": "item/salmon"
        }
      },
      {
        "when": "30302",
        "model": {
          "type": "model",
          "model": "item/salsa"
        }
      },
      {
        "when": "30303",
        "model": {
          "type": "model",
          "model": "item/salt"
        }
      },
      {
        "when": "30304",
        "model": {
          "type": "model",
          "model": "item/sandwich"
        }
      },
      {
        "when": "30305",
        "model": {
          "type": "model",
          "model": "item/sashimi"
        }
      },
      {
        "when": "30306",
        "model": {
          "type": "model",
          "model": "item/sausage_p"
        }
      },
      {
        "when": "30307",
        "model": {
          "type": "model",
          "model": "item/scrambled_eggs"
        }
      },
      {
        "when": "30308",
        "model": {
          "type": "model",
          "model": "item/seashell"
        }
      },
      {
        "when": "30309",
        "model": {
          "type": "model",
          "model": "item/shrimp"
        }
      },
      {
        "when": "30310",
        "model": {
          "type": "model",
          "model": "item/snack1"
        }
      },
      {
        "when": "30311",
        "model": {
          "type": "model",
          "model": "item/snack2"
        }
      },
      {
        "when": "30312",
        "model": {
          "type": "model",
          "model": "item/soft_drink_blue"
        }
      },
      {
        "when": "30313",
        "model": {
          "type": "model",
          "model": "item/soft_drink_green"
        }
      },
      {
        "when": "30314",
        "model": {
          "type": "model",
          "model": "item/soft_drink_red"
        }
      },
      {
        "when": "30315",
        "model": {
          "type": "model",
          "model": "item/soft_drink_yellow"
        }
      },
      {
        "when": "30316",
        "model": {
          "type": "model",
          "model": "item/soup"
        }
      },
      {
        "when": "30317",
        "model": {
          "type": "model",
          "model": "item/spam"
        }
      },
      {
        "when": "30318",
        "model": {
          "type": "model",
          "model": "item/split_pizza"
        }
      },
      {
        "when": "30319",
        "model": {
          "type": "model",
          "model": "item/sprite"
        }
      },
      {
        "when": "30320",
        "model": {
          "type": "model",
          "model": "item/squid_shell"
        }
      },
      {
        "when": "30321",
        "model": {
          "type": "model",
          "model": "item/steak"
        }
      },
      {
        "when": "30322",
        "model": {
          "type": "model",
          "model": "item/stick_ice_cream"
        }
      },
      {
        "when": "30323",
        "model": {
          "type": "model",
          "model": "item/strawberry"
        }
      },
      {
        "when": "30324",
        "model": {
          "type": "model",
          "model": "item/strawberry2"
        }
      },
      {
        "when": "30325",
        "model": {
          "type": "model",
          "model": "item/strawberry_ice_cream"
        }
      },
      {
        "when": "30326",
        "model": {
          "type": "model",
          "model": "item/strawberry_jam"
        }
      },
      {
        "when": "30327",
        "model": {
          "type": "model",
          "model": "item/strawberry_juice"
        }
      },
      {
        "when": "30328",
        "model": {
          "type": "model",
          "model": "item/strawberry_p"
        }
      },
      {
        "when": "30329",
        "model": {
          "type": "model",
          "model": "item/strawberry_smoothie"
        }
      },
      {
        "when": "30330",
        "model": {
          "type": "model",
          "model": "item/strawberry_syrup"
        }
      },
      {
        "when": "30331",
        "model": {
          "type": "model",
          "model": "item/sugar"
        }
      },
      {
        "when": "30332",
        "model": {
          "type": "model",
          "model": "item/sundae"
        }
      },
      {
        "when": "30333",
        "model": {
          "type": "model",
          "model": "item/sushi"
        }
      },
      {
        "when": "30334",
        "model": {
          "type": "model",
          "model": "item/sushi_rolls"
        }
      },
      {
        "when": "30335",
        "model": {
          "type": "model",
          "model": "item/sweet"
        }
      },
      {
        "when": "30336",
        "model": {
          "type": "model",
          "model": "item/sweet2"
        }
      },
      {
        "when": "30337",
        "model": {
          "type": "model",
          "model": "item/taco"
        }
      },
      {
        "when": "30338",
        "model": {
          "type": "model",
          "model": "item/taco_2"
        }
      },
      {
        "when": "30339",
        "model": {
          "type": "model",
          "model": "item/tea_cup"
        }
      },
      {
        "when": "30340",
        "model": {
          "type": "model",
          "model": "item/tentacle"
        }
      },
      {
        "when": "30341",
        "model": {
          "type": "model",
          "model": "item/toast"
        }
      },
      {
        "when": "30342",
        "model": {
          "type": "model",
          "model": "item/toasted_pizza"
        }
      },
      {
        "when": "30343",
        "model": {
          "type": "model",
          "model": "item/toasts_with_cheese"
        }
      },
      {
        "when": "30344",
        "model": {
          "type": "model",
          "model": "item/tofu"
        }
      },
      {
        "when": "30345",
        "model": {
          "type": "model",
          "model": "item/tomato"
        }
      },
      {
        "when": "30346",
        "model": {
          "type": "model",
          "model": "item/tomato3"
        }
      },
      {
        "when": "30347",
        "model": {
          "type": "model",
          "model": "item/tomato_and_cheese_pizza"
        }
      },
      {
        "when": "30348",
        "model": {
          "type": "model",
          "model": "item/tomato_omelet"
        }
      },
      {
        "when": "30349",
        "model": {
          "type": "model",
          "model": "item/tomato_pizza"
        }
      },
      {
        "when": "30350",
        "model": {
          "type": "model",
          "model": "item/toothbrush_set"
        }
      },
      {
        "when": "30351",
        "model": {
          "type": "model",
          "model": "item/tuna_can"
        }
      },
      {
        "when": "30352",
        "model": {
          "type": "model",
          "model": "item/turnip"
        }
      },
      {
        "when": "30353",
        "model": {
          "type": "model",
          "model": "item/uramaki"
        }
      },
      {
        "when": "30354",
        "model": {
          "type": "model",
          "model": "item/vanilla_or_lemon_ice_cream"
        }
      },
      {
        "when": "30355",
        "model": {
          "type": "model",
          "model": "item/vegetable_soup"
        }
      },
      {
        "when": "30356",
        "model": {
          "type": "model",
          "model": "item/vlan"
        }
      },
      {
        "when": "30357",
        "model": {
          "type": "model",
          "model": "item/waffles"
        }
      },
      {
        "when": "30358",
        "model": {
          "type": "model",
          "model": "item/waffles_2"
        }
      },
      {
        "when": "30359",
        "model": {
          "type": "model",
          "model": "item/water"
        }
      },
      {
        "when": "30360",
        "model": {
          "type": "model",
          "model": "item/watermelon"
        }
      },
      {
        "when": "30361",
        "model": {
          "type": "model",
          "model": "item/watermelon1"
        }
      },
      {
        "when": "30362",
        "model": {
          "type": "model",
          "model": "item/watermelon2"
        }
      },
      {
        "when": "30363",
        "model": {
          "type": "model",
          "model": "item/watermelon_dessert"
        }
      },
      {
        "when": "30364",
        "model": {
          "type": "model",
          "model": "item/whiskey"
        }
      },
      {
        "when": "30365",
        "model": {
          "type": "model",
          "model": "item/whisk_p"
        }
      },
      {
        "when": "30366",
        "model": {
          "type": "model",
          "model": "item/white_cheese"
        }
      },
      {
        "when": "30367",
        "model": {
          "type": "model",
          "model": "item/white_cheese_p"
        }
      },
      {
        "when": "30368",
        "model": {
          "type": "model",
          "model": "item/white_cheese_piece"
        }
      },
      {
        "when": "30369",
        "model": {
          "type": "model",
          "model": "item/white_cheese_piece_p"
        }
      },
      {
        "when": "30370",
        "model": {
          "type": "model",
          "model": "item/wine_red"
        }
      },
      {
        "when": "30371",
        "model": {
          "type": "model",
          "model": "item/wine_white"
        }
      },
      {
        "when": "30372",
        "model": {
          "type": "model",
          "model": "item/wine_white2"
        }
      },
      {
        "when": "30373",
        "model": {
          "type": "model",
          "model": "item/wine_white3"
        }
      }
    ]
  }
}